{
    "version": "5",
    "package_name": "force-app",
    "apiVersion": "61.0",
    "packageDirectory": "src/force-app/main/default",
    "package_version_number": "0.1.0.2",
    "sourceVersion": "ccb58e2c13d5dc476cce4ba9666ce0cc99c69e80",
    "branch": "main",
    "repository_url": "https://github.com/6andrey/flxbl.git",
    "configFilePath": "config/project-scratch-def.json",
    "package_type": "unlocked",
    "payload": {
        "Package": {
            "$": {
                "xmlns": "http://soap.sforce.com/2006/04/metadata"
            },
            "types": [
                {
                    "members": [
                        "Account.AccountNumber",
                        "Account.AccountSource",
                        "Account.Active__c",
                        "Account.AnnualRevenue",
                        "Account.BillingAddress",
                        "Account.CustomerPriority__c",
                        "Account.Description",
                        "Account.Fax",
                        "Account.Industry",
                        "Account.Jigsaw",
                        "Account.Name",
                        "Account.NumberOfEmployees",
                        "Account.NumberofLocations__c",
                        "Account.OperatingHoursId",
                        "Account.OwnerId",
                        "Account.Ownership",
                        "Account.ParentId",
                        "Account.Phone",
                        "Account.Rating",
                        "Account.SLAExpirationDate__c",
                        "Account.SLASerialNumber__c",
                        "Account.SLA__c",
                        "Account.ShippingAddress",
                        "Account.Site",
                        "Account.TickerSymbol",
                        "Account.Tier",
                        "Account.Type",
                        "Account.UpsellOpportunity__c",
                        "Account.Website"
                    ],
                    "name": "CustomField"
                },
                {
                    "members": "Account",
                    "name": "CustomObject"
                },
                {
                    "members": [
                        "Account.AllAccounts",
                        "Account.MyAccounts",
                        "Account.NewLastWeek",
                        "Account.NewThisWeek",
                        "Account.PlatinumandGoldSLACustomers"
                    ],
                    "name": "ListView"
                },
                {
                    "members": "Account.Billing",
                    "name": "WebLink"
                }
            ],
            "version": "61.0"
        }
    },
    "isApexFound": false,
    "isProfilesFound": false,
    "isPermissionSetGroupFound": false,
    "isPayLoadContainTypesSupportedByProfiles": true,
    "apexClassesSortedByTypes": {
        "class": [],
        "testClass": [],
        "interface": [],
        "parseError": []
    },
    "apexTestClassses": [],
    "metadataCount": 36,
    "apexClassWithOutTestClasses": [],
    "isPickListsFound": true,
    "package_version_id": "04tbm0000005g9tAAA",
    "isDependencyValidated": true,
    "test_coverage": 100,
    "has_passed_coverage_check": true,
    "creation_details": {
        "creation_time": 183340,
        "timestamp": 1737592029743
    },
    "sourceDir": "source"
}