{
    "name": "force-app",
    "to": "ccb58e2",
    "commits": [
        {
            "commitId": "1933f71d",
            "date": "2025-01-14T16:40:10-05:00",
            "author": "Andrey Shestakov",
            "message": "Field Update",
            "body": ""
        },
        {
            "commitId": "32dff94e",
            "date": "2025-01-13T15:24:16-05:00",
            "author": "Andrey Shestakov",
            "message": "Sample Packages, Configs",
            "body": ""
        }
    ]
}