{
    "version": "5",
    "package_name": "dreamhouse-app",
    "apiVersion": "61.0",
    "packageDirectory": "src/dreamhouse-app",
    "package_version_number": "0.1.0.2",
    "sourceVersion": "b8e083f85297caf043d06f7dfc1e71314b74f1c1",
    "branch": "main",
    "repository_url": "https://github.com/6andrey/flxbl.git",
    "configFilePath": "config/project-scratch-def.json",
    "package_type": "unlocked",
    "payload": {
        "Package": {
            "$": {
                "xmlns": "http://soap.sforce.com/2006/04/metadata"
            },
            "types": [
                {
                    "members": [
                        "FileUtilities",
                        "FileUtilitiesTest",
                        "GeocodingService",
                        "GeocodingServiceTest",
                        "PagedResult",
                        "PropertyController",
                        "SampleDataController",
                        "TestPropertyController",
                        "TestSampleDataController"
                    ],
                    "name": "ApexClass"
                },
                {
                    "members": "pageTemplate_2_7_3",
                    "name": "AuraDefinitionBundle"
                },
                {
                    "members": [
                        "Broker__c.Broker_Compact",
                        "Property__c.Property_Compact_Layout"
                    ],
                    "name": "CompactLayout"
                },
                {
                    "members": "dreamhouselogosquare",
                    "name": "ContentAsset"
                },
                {
                    "members": [
                        "openStreetMap",
                        "s3_us_west_2_amazonaws_com"
                    ],
                    "name": "CspTrustedSite"
                },
                {
                    "members": "Dreamhouse",
                    "name": "CustomApplication"
                },
                {
                    "members": [
                        "Broker__c.Broker_Id__c",
                        "Broker__c.Email__c",
                        "Broker__c.Mobile_Phone__c",
                        "Broker__c.Phone__c",
                        "Broker__c.Picture_IMG__c",
                        "Broker__c.Picture__c",
                        "Broker__c.Title__c",
                        "Property__c.Address__c",
                        "Property__c.Assessed_Value__c",
                        "Property__c.Baths__c",
                        "Property__c.Beds__c",
                        "Property__c.Broker__c",
                        "Property__c.City__c",
                        "Property__c.Date_Agreement__c",
                        "Property__c.Date_Closed__c",
                        "Property__c.Date_Contracted__c",
                        "Property__c.Date_Listed__c",
                        "Property__c.Date_Pre_Market__c",
                        "Property__c.Days_On_Market__c",
                        "Property__c.Description__c",
                        "Property__c.Location__c",
                        "Property__c.Picture_IMG__c",
                        "Property__c.Picture__c",
                        "Property__c.Price_Sold__c",
                        "Property__c.Price__c",
                        "Property__c.Record_Link__c",
                        "Property__c.State__c",
                        "Property__c.Status__c",
                        "Property__c.Tags__c",
                        "Property__c.Thumbnail_IMG__c",
                        "Property__c.Thumbnail__c",
                        "Property__c.Zip__c"
                    ],
                    "name": "CustomField"
                },
                {
                    "members": [
                        "Broker__c",
                        "Property__c"
                    ],
                    "name": "CustomObject"
                },
                {
                    "members": [
                        "Broker__c",
                        "Property_Explorer",
                        "Property_Finder",
                        "Property__c",
                        "Settings"
                    ],
                    "name": "CustomTab"
                },
                {
                    "members": [
                        "Broker_Record_Page",
                        "Property_Explorer",
                        "Property_Finder",
                        "Property_Record_Page",
                        "Settings"
                    ],
                    "name": "FlexiPage"
                },
                {
                    "members": "Create_property",
                    "name": "Flow"
                },
                {
                    "members": [
                        "Broker__c-Broker Layout",
                        "Property__c-Property Layout"
                    ],
                    "name": "Layout"
                },
                {
                    "members": [
                        "barcodeScanner",
                        "brokerCard",
                        "daysOnMarket",
                        "errorPanel",
                        "ldsUtils",
                        "listContactsFromDevice",
                        "navigateToRecord",
                        "paginator",
                        "propertyCarousel",
                        "propertyFilter",
                        "propertyListMap",
                        "propertyLocation",
                        "propertyMap",
                        "propertySummary",
                        "propertyTile",
                        "propertyTileList",
                        "sampleDataImporter"
                    ],
                    "name": "LightningComponentBundle"
                },
                {
                    "members": [
                        "FiltersChange",
                        "PropertySelected"
                    ],
                    "name": "LightningMessageChannel"
                },
                {
                    "members": [
                        "Broker__c.All",
                        "Property__c.All"
                    ],
                    "name": "ListView"
                },
                {
                    "members": "dreamhouse",
                    "name": "PermissionSet"
                },
                {
                    "members": [
                        "Property",
                        "PropertyExplorer",
                        "PropertyFinder"
                    ],
                    "name": "Prompt"
                },
                {
                    "members": "nominatim_openstreetmap",
                    "name": "RemoteSiteSetting"
                },
                {
                    "members": [
                        "leafletjs",
                        "sample_data_brokers",
                        "sample_data_contacts",
                        "sample_data_properties"
                    ],
                    "name": "StaticResource"
                }
            ],
            "version": "61.0"
        }
    },
    "isApexFound": true,
    "isProfilesFound": false,
    "isPermissionSetGroupFound": false,
    "isPayLoadContainTypesSupportedByProfiles": true,
    "apexClassesSortedByTypes": {
        "class": [
            {
                "name": "TestSampleDataController",
                "filepath": "/Users/andreyshestakov/Repos/flxbl/.sfpowerscripts/7gG6P_source/src/dreamhouse-app/classes/TestSampleDataController.cls"
            },
            {
                "name": "TestPropertyController",
                "filepath": "/Users/andreyshestakov/Repos/flxbl/.sfpowerscripts/7gG6P_source/src/dreamhouse-app/classes/TestPropertyController.cls"
            },
            {
                "name": "SampleDataController",
                "filepath": "/Users/andreyshestakov/Repos/flxbl/.sfpowerscripts/7gG6P_source/src/dreamhouse-app/classes/SampleDataController.cls"
            },
            {
                "name": "PropertyController",
                "filepath": "/Users/andreyshestakov/Repos/flxbl/.sfpowerscripts/7gG6P_source/src/dreamhouse-app/classes/PropertyController.cls"
            },
            {
                "name": "PagedResult",
                "filepath": "/Users/andreyshestakov/Repos/flxbl/.sfpowerscripts/7gG6P_source/src/dreamhouse-app/classes/PagedResult.cls"
            },
            {
                "name": "GeocodingServiceTest",
                "filepath": "/Users/andreyshestakov/Repos/flxbl/.sfpowerscripts/7gG6P_source/src/dreamhouse-app/classes/GeocodingServiceTest.cls"
            },
            {
                "name": "GeocodingService",
                "filepath": "/Users/andreyshestakov/Repos/flxbl/.sfpowerscripts/7gG6P_source/src/dreamhouse-app/classes/GeocodingService.cls"
            },
            {
                "name": "FileUtilitiesTest",
                "filepath": "/Users/andreyshestakov/Repos/flxbl/.sfpowerscripts/7gG6P_source/src/dreamhouse-app/classes/FileUtilitiesTest.cls"
            },
            {
                "name": "FileUtilities",
                "filepath": "/Users/andreyshestakov/Repos/flxbl/.sfpowerscripts/7gG6P_source/src/dreamhouse-app/classes/FileUtilities.cls"
            }
        ],
        "testClass": [
            {
                "name": "TestSampleDataController",
                "filepath": "/Users/andreyshestakov/Repos/flxbl/.sfpowerscripts/7gG6P_source/src/dreamhouse-app/classes/TestSampleDataController.cls"
            },
            {
                "name": "TestPropertyController",
                "filepath": "/Users/andreyshestakov/Repos/flxbl/.sfpowerscripts/7gG6P_source/src/dreamhouse-app/classes/TestPropertyController.cls"
            },
            {
                "name": "GeocodingServiceTest",
                "filepath": "/Users/andreyshestakov/Repos/flxbl/.sfpowerscripts/7gG6P_source/src/dreamhouse-app/classes/GeocodingServiceTest.cls"
            },
            {
                "name": "FileUtilitiesTest",
                "filepath": "/Users/andreyshestakov/Repos/flxbl/.sfpowerscripts/7gG6P_source/src/dreamhouse-app/classes/FileUtilitiesTest.cls"
            }
        ],
        "interface": [],
        "parseError": []
    },
    "apexTestClassses": [
        "TestSampleDataController",
        "TestPropertyController",
        "GeocodingServiceTest",
        "FileUtilitiesTest"
    ],
    "metadataCount": 93,
    "apexClassWithOutTestClasses": [
        "SampleDataController",
        "PropertyController",
        "PagedResult",
        "GeocodingService",
        "FileUtilities"
    ],
    "isPickListsFound": true,
    "package_version_id": "04tbm0000005gt3AAA",
    "isDependencyValidated": true,
    "test_coverage": 100,
    "has_passed_coverage_check": true,
    "creation_details": {
        "creation_time": 156125,
        "timestamp": 1737725044915
    },
    "sourceDir": "source"
}