<?xml version="1.0" encoding="UTF-8" ?>
<CspTrustedSite xmlns="http://soap.sforce.com/2006/04/metadata">
    <canAccessCamera>false</canAccessCamera>
    <canAccessMicrophone>false</canAccessMicrophone>
    <context>LEX</context>
    <description>OpenStreetMap tiles</description>
    <endpointUrl>https://tile.openstreetmap.org</endpointUrl>
    <isActive>true</isActive>
    <isApplicableToConnectSrc>false</isApplicableToConnectSrc>
    <isApplicableToFontSrc>false</isApplicableToFontSrc>
    <isApplicableToFrameSrc>false</isApplicableToFrameSrc>
    <isApplicableToImgSrc>true</isApplicableToImgSrc>
    <isApplicableToMediaSrc>false</isApplicableToMediaSrc>
    <isApplicableToStyleSrc>false</isApplicableToStyleSrc>
</CspTrustedSite>
